1|Nitzsche|Molly|Molly_Nitzsche66|1|
2|Funk|Barry|Barry.Funk|2|
3|Prohaska|Darryl|Darryl83|3|
4|Kertzmann|Robert|Robert_Kertzmann|5|
5|Johns|Blanca|Blanca15|0|
6|Marquardt|Freddie|Freddie_Marquardt|0|
7|Flatley|Trevor|Trevor.Flatley62|0|
8|Marquardt|Wendy|Wendy_Marquardt|0|
9|Wilkinson|Sadie|Sadie79|0|
10|Lemke|Carl|Carl_Lemke|0|
11|Larkin|Pamela|Pamela.Larkin43|30|
12|Konopelski|Bobby|Bobby.Konopelski|0|
13|Hartmann|Nicholas|Nicholas_Hartmann0|0|
14|Brown|Ollie|Ollie.Brown|0|
15|Gutmann|Nicholas|Nicholas32|0|
16|Gerlach|Patsy|Patsy30|0|
17|Schimmel|Gene|Gene_Schimmel97|0|
18|Runolfsdottir|Mildred|Mildred_Runolfsdottir68|0|
19|Lueilwitz|Lena|Lena55|0|
20|Hagenes|Michael|Michael.Hagenes|0|
21|Bernier|Ruth|Ruth_Bernier50|0|
22|Davis|Carol|Carol43|0|
23|Dare|Blanche|Blanche.Dare|0|
24|Gorczany|Daryl|Daryl.Gorczany|0|
25|Wehner|Maxine|Maxine_Wehner55|0|
26|Morar|Phil|Phil67|0|
27|Jerde|Kelly|Kelly12|0|
28|Auer|Marlene|Marlene.Auer|0|
29|Hessel|Belinda|Belinda.Hessel39|0|
30|Oberbrunner|Arturo|Arturo59|0|
31|Wintheiser|Camille|Camille20|0|
32|Mueller|Johanna|Johanna.Mueller|0|
33|Champlin|Cecelia|Cecelia.Champlin59|0|
34|Kulas|Lynne|Lynne.Kulas20|0|
35|Hodkiewicz|Robin|Robin_Hodkiewicz30|0|
36|Bahringer|Annette|Annette.Bahringer|0|
37|Nitzsche|Joyce|Joyce.Nitzsche57|0|
38|Gusikowski|Shelly|Shelly.Gusikowski55|0|
39|Gislason|Mable|Mable.Gislason1|0|
40|Ankunding|Robert|Robert34|0|
41|Friesen|Johnnie|Johnnie_Friesen4|0|
42|Wisoky|Tomas|Tomas_Wisoky|0|
43|Simonis|Shelia|Shelia_Simonis65|0|
44|Schulist|Julian|Julian.Schulist36|0|
45|Hackett|Gustavo|Gustavo8|0|
46|Swaniawski|Neal|Neal_Swaniawski70|0|
47|Boehm|Rogelio|Rogelio.Boehm|0|
48|Hilpert|Henrietta|Henrietta.Hilpert|0|
49|Jacobi|Adrian|Adrian63|0|
50|Connelly|Della|Della_Connelly|0|
51|Hudson|Bernadette|Bernadette11|0|
52|Weber|Susan|Susan_Weber34|0|
53|Oberbrunner|Arthur|Arthur57|0|
54|Miller|Joanne|Joanne_Miller29|0|
55|Thompson|Alvin|Alvin22|0|
56|Larson|Alicia|Alicia16|0|
57|Hahn|Ella|Ella_Hahn65|0|
58|Haley|Martha|Martha75|0|
59|Brakus|Constance|Constance83|0|
60|Bosco|Cornelius|Cornelius_Bosco77|0|
61|Hessel|Ella|Ella9|0|
62|Bernier|Margaret|Margaret70|0|
63|Pacocha|Bryant|Bryant34|0|
64|Dicki|Pearl|Pearl_Dicki85|0|
65|Konopelski|Jan|Jan80|0|
66|Parker|Garry|Garry87|0|
67|Langworth|Julio|Julio6|0|
68|Buckridge|April|April.Buckridge26|0|
69|Moore|Leslie|Leslie_Moore|0|
70|Kuvalis|Jermaine|Jermaine54|0|
71|Effertz|Melvin|Melvin_Effertz|0|
72|Lubowitz|Regina|Regina_Lubowitz|0|
73|Weber|Cary|Cary11|0|
74|Hudson|Edmond|Edmond56|0|
75|Nienow|Bryan|Bryan.Nienow91|0|
76|Hirthe|Priscilla|Priscilla93|0|
77|MacGyver|Tonya|Tonya.MacGyver97|0|
78|Conroy|Jan|Jan_Conroy37|0|
79|Donnelly|Cesar|Cesar97|0|
80|Gerhold|Tasha|Tasha.Gerhold49|0|
81|Kerluke|Cynthia|Cynthia23|0|
82|Reinger|Toni|Toni_Reinger|0|
83|Abshire|Dan|Dan.Abshire28|0|
84|Hodkiewicz|Jonathon|Jonathon44|0|
85|Windler|Myra|Myra_Windler|0|
86|Rath|Willis|Willis.Rath35|0|
87|Mertz|Kristie|Kristie23|0|
88|Kemmer|Florence|Florence_Kemmer|0|
89|Lebsack|Suzanne|Suzanne_Lebsack74|0|
90|Schimmel|Caroline|Caroline_Schimmel21|0|
91|O'Hara|Beatrice|Beatrice74|0|
92|Keebler|Lula|Lula_Keebler83|0|
93|Ryan|Noel|Noel38|0|
94|Kuhic|Jordan|Jordan.Kuhic|0|
95|Haag|Lorenzo|Lorenzo.Haag|0|
96|Kunze|Kim|Kim_Kunze80|0|
97|Crona|Carroll|Carroll77|0|
98|Mills|Sarah|Sarah_Mills|0|
99|Brown|Rodolfo|Rodolfo10|0|
